﻿<?xml version="1.0" encoding="utf-8" ?>
<Itens>
  <!-- TROWABLES -->
  
  <stone Type="Throwable">
    <Image>stone</Image>
    <Damage>0.4</Damage>
    <Hp>16</Hp>
  </stone>

  <vase Type="Throwable">
    <Image>vase</Image>
    <Damage>1</Damage>
    <Hp>1</Hp>
  </vase>

  <key Type="Throwable">
    <Image>key</Image>
    <Damage>0.1</Damage>
    <Hp>-1</Hp>
    <OpenDoors>1</OpenDoors>
    <KeyItem>true</KeyItem>
  </key>
  
  <key Type="Throwable">
    <Image>keySkeleton</Image>
    <Damage>0.1</Damage>
    <Hp>-1</Hp>
    <OpenDoors>-1</OpenDoors>
    <KeyItem>true</KeyItem>
  </key>

  <!-- FRUITS -->
  <apple Type="Fruit">
    <Image>apple</Image>
    <Body>
      <Duration>300</Duration>
      <Increment>0.8</Increment>
    </Body>
    <Mature>150</Mature>
  </apple>

  <sweetpotato Type="Fruit">
    <Image>sweetpotato</Image>
    <Mature>150</Mature>
    <Soul>
      <Duration>300</Duration>
      <Increment>0.8</Increment>
    </Soul>
  </sweetpotato>

  <banana Type="Fruit">
	<Image>banana</Image>
    <Body>
      <Duration>120</Duration>
      <Increment>3</Increment>
    </Body>
    <Soul>
      <Duration>60</Duration>
      <Increment>4</Increment>
    </Soul>
  </banana>

  <carrot Type="Fruit">
	  <Image>carrot</Image>
    <Body>
      <Duration>100</Duration>
      <Increment>1</Increment>
    </Body>
    <Soul>
      <Duration>200</Duration>
      <Increment>1</Increment>
    </Soul>
  </carrot>
  
  <durian  Type="Fruit">
    <Image>durian</Image>
    <Body>
      <Duration>60</Duration>
      <Increment>-0,1</Increment>
    </Body>
    <Soul>
      <Duration>120</Duration>
      <Increment>2</Increment>
    </Soul>
  </durian>

  <watermelon Type="Fruit">
    <Image>watermelon</Image>
    <Body>
      <Duration>200</Duration>
      <Increment>0.5</Increment>
    </Body>
    <Soul>
      <Duration>0</Duration>
      <Increment>0</Increment>
    </Soul>
	</watermelon>

  <grape Type="Fruit">
    <Image>grape</Image>
    <Body>
      <Duration>200</Duration>
      <Increment>5</Increment>
    </Body>
    <Soul>
      <Duration>0</Duration>
      <Increment>0</Increment>
    </Soul>
  </grape>

  <strawberry Type="Fruit">
    <Image>strawberry</Image>
    <Body>
      <Duration>200</Duration>
      <Increment>5</Increment>
    </Body>
    <Soul>
      <Duration>0</Duration>
      <Increment>0</Increment>
    </Soul>
  </strawberry>
</Itens>