<?xml version="1.0" encoding="UTF-8"?>
<!-- Created with TexturePacker http://texturepacker.com-->
<!-- $TexturePacker:SmartUpdate:0dfc64e7d61b5cd4aac050dcfc8d1666$ -->
<TextureAtlas imagePath="atlas.png">
    <SubTexture name="WinScreen" x="680" y="320" width="160" height="144"/>
    <SubTexture name="characters/charriot" x="0" y="0" width="400" height="48"/>
    <SubTexture name="characters/enemies32" x="0" y="48" width="256" height="256"/>
    <SubTexture name="characters/girlByTheSea" x="840" y="320" width="160" height="32"/>
    <SubTexture name="characters/jonathan" x="660" y="0" width="256" height="256"/>
    <SubTexture name="characters/penguin" x="996" y="0" width="16" height="16"/>
    <SubTexture name="characters/sage" x="256" y="240" width="128" height="32"/>
    <SubTexture name="characters/sign" x="948" y="144" width="32" height="32"/>
    <SubTexture name="characters/skull" x="640" y="256" width="256" height="64"/>
    <SubTexture name="credits" x="160" y="464" width="160" height="144"/>
    <SubTexture name="explosion" x="256" y="272" width="256" height="32"/>
    <SubTexture name="gameOver" x="360" y="448" width="160" height="144"/>
    <SubTexture name="items/coin" x="916" y="144" width="32" height="32"/>
    <SubTexture name="items/door" x="256" y="176" width="128" height="64"/>
    <SubTexture name="items/items16" x="384" y="144" width="256" height="128"/>
    <SubTexture name="items/plants" x="0" y="896" width="160" height="128"/>
    <SubTexture name="logo" x="986" y="48" width="32" height="32"/>
    <SubTexture name="logo4x" x="256" y="48" width="128" height="128"/>
    <SubTexture name="map/base" x="0" y="304" width="200" height="144"/>
    <SubTexture name="map/jonathan" x="916" y="116" width="64" height="16"/>
    <SubTexture name="map/point" x="1012" y="0" width="10" height="10"/>
    <SubTexture name="menu/exit" x="916" y="24" width="80" height="24"/>
    <SubTexture name="menu/new" x="916" y="0" width="80" height="24"/>
    <SubTexture name="sky" x="520" y="320" width="160" height="144"/>
    <SubTexture name="tilesets/back" x="0" y="448" width="160" height="160"/>
    <SubTexture name="tilesets/grove" x="200" y="304" width="160" height="160"/>
    <SubTexture name="title" x="0" y="752" width="160" height="144"/>
    <SubTexture name="ui/DialogBg" x="840" y="352" width="150" height="30"/>
    <SubTexture name="ui/contextItem" x="916" y="48" width="70" height="17"/>
    <SubTexture name="ui/exitGame" x="0" y="608" width="160" height="144"/>
    <SubTexture name="ui/meters" x="916" y="65" width="66" height="19"/>
    <SubTexture name="ui/next" x="916" y="132" width="60" height="12"/>
    <SubTexture name="ui/pauseBase" x="360" y="304" width="160" height="144"/>
    <SubTexture name="ui/popUpMenu" x="982" y="80" width="39" height="64"/>
    <SubTexture name="ui/transition" x="400" y="0" width="260" height="144"/>
    <SubTexture name="water" x="916" y="84" width="64" height="32"/>
</TextureAtlas>
