﻿<?xml version="1.0" encoding="utf-8" ?>
<Itens>
  <apple>
    <Image>apple</Image>
    <Body>
      <Duration>200</Duration>
      <Increment>0.5</Increment>
    </Body>
    <Soul>
      <Duration>0</Duration>
      <Increment>0</Increment>
    </Soul>
  </apple>
  <banana>
	<Image>banana</Image>
    <Body>
      <Duration>120</Duration>
      <Increment>3</Increment>
    </Body>
    <Soul>
      <Duration>60</Duration>
      <Increment>4</Increment>
    </Soul>
  </banana>
  <carrot>
	  <Image>carrot</Image>
    <Body>
      <Duration>100</Duration>
      <Increment>1</Increment>
    </Body>
    <Soul>
      <Duration>200</Duration>
      <Increment>1</Increment>
    </Soul>
  </carrot>
  <durian>
    <Image>durian</Image>
    <Body>
      <Duration>60</Duration>
      <Increment>-0,1</Increment>
    </Body>
    <Soul>
      <Duration>120</Duration>
      <Increment>2</Increment>
    </Soul>
  </durian>
  <watermelon>
    <Image>watermelon</Image>
    <Body>
      <Duration>200</Duration>
      <Increment>0.5</Increment>
    </Body>
    <Soul>
      <Duration>0</Duration>
      <Increment>0</Increment>
    </Soul>
	</watermelon>
	<sweetpotato>
	  <Image>sweetpotato</Image>
    <Body>
      <Duration>0</Duration>
      <Increment>0</Increment>
    </Body>
    <Soul>
      <Duration>300</Duration>
      <Increment>2</Increment>
    </Soul>
	</sweetpotato>
  <grape>
    <Image>grape</Image>
    <Body>
      <Duration>200</Duration>
      <Increment>5</Increment>
    </Body>
    <Soul>
      <Duration>0</Duration>
      <Increment>0</Increment>
    </Soul>
  </grape>
  <strawberry>
    <Image>strawberry</Image>
    <Body>
      <Duration>200</Duration>
      <Increment>5</Increment>
    </Body>
    <Soul>
      <Duration>0</Duration>
      <Increment>0</Increment>
    </Soul>
  </strawberry>
</Itens>