<?xml version="1.0" encoding="UTF-8"?>
<!-- Created with TexturePacker http://texturepacker.com-->
<!-- $TexturePacker:SmartUpdate:0cccffc76ffb45fb3cca0b5bf8119971$ -->
<TextureAtlas imagePath="atlas.png">
    <SubTexture name="characters/SacredMan" x="320" y="912" width="128" height="32"/>
    <SubTexture name="characters/enemies32" x="0" y="256" width="256" height="256"/>
    <SubTexture name="characters/girlByTheSea" x="0" y="944" width="160" height="32"/>
    <SubTexture name="characters/jonathan" x="256" y="0" width="256" height="256"/>
    <SubTexture name="characters/penguin" x="496" y="368" width="16" height="16"/>
    <SubTexture name="characters/skull" x="256" y="256" width="256" height="64"/>
    <SubTexture name="explosion" x="256" y="320" width="256" height="32"/>
    <SubTexture name="gameOver" x="160" y="800" width="160" height="144"/>
    <SubTexture name="itens/itens16" x="0" y="0" width="256" height="256"/>
    <SubTexture name="itens/plants" x="320" y="656" width="160" height="128"/>
    <SubTexture name="logo" x="448" y="784" width="32" height="32"/>
    <SubTexture name="logo4x" x="320" y="784" width="128" height="128"/>
    <SubTexture name="map/base" x="160" y="656" width="160" height="144"/>
    <SubTexture name="map/jonathan" x="70" y="1006" width="64" height="16"/>
    <SubTexture name="map/point" x="496" y="352" width="16" height="16"/>
    <SubTexture name="menu/exit" x="160" y="944" width="80" height="24"/>
    <SubTexture name="menu/new" x="416" y="352" width="80" height="24"/>
    <SubTexture name="sky" x="260" y="512" width="160" height="144"/>
    <SubTexture name="tilesets/grove" x="256" y="352" width="160" height="160"/>
    <SubTexture name="title" x="0" y="800" width="160" height="144"/>
    <SubTexture name="ui/DialogBg" x="0" y="976" width="150" height="30"/>
    <SubTexture name="ui/contextItem" x="0" y="1006" width="70" height="17"/>
    <SubTexture name="ui/meters" x="240" y="944" width="66" height="19"/>
    <SubTexture name="ui/next" x="306" y="944" width="60" height="12"/>
    <SubTexture name="ui/pauseBase" x="0" y="656" width="160" height="144"/>
    <SubTexture name="ui/popUpMenu" x="416" y="376" width="39" height="64"/>
    <SubTexture name="ui/transition" x="0" y="512" width="260" height="144"/>
</TextureAtlas>
