<?xml version="1.0" encoding="UTF-8"?>
<!-- Created with TexturePacker http://texturepacker.com-->
<!-- $TexturePacker:SmartUpdate:33c4f43008b1fbe7f2f6df2d622dcde2$ -->
<TextureAtlas imagePath="atlas.png">
    <SubTexture name="characters/enemies32" x="0" y="473" width="256" height="256"/>
    <SubTexture name="characters/jonathan" x="256" y="288" width="256" height="256"/>
    <SubTexture name="characters/penguin" x="260" y="89" width="16" height="16"/>
    <SubTexture name="characters/skull" x="256" y="544" width="256" height="64"/>
    <SubTexture name="itens/itens16" x="0" y="217" width="256" height="256"/>
    <SubTexture name="itens/plants" x="0" y="729" width="160" height="128"/>
    <SubTexture name="logo" x="479" y="52" width="32" height="32"/>
    <SubTexture name="logo4x" x="0" y="857" width="128" height="128"/>
    <SubTexture name="map/base" x="256" y="608" width="160" height="144"/>
    <SubTexture name="map/jonathan" x="440" y="36" width="64" height="16"/>
    <SubTexture name="map/point" x="260" y="73" width="16" height="16"/>
    <SubTexture name="menu/exit" x="420" y="248" width="80" height="24"/>
    <SubTexture name="menu/new" x="420" y="224" width="80" height="24"/>
    <SubTexture name="sky" x="260" y="144" width="160" height="144"/>
    <SubTexture name="tilesets/grove" x="420" y="144" width="80" height="80"/>
    <SubTexture name="title" x="0" y="0" width="280" height="73"/>
    <SubTexture name="ui/contextItem" x="440" y="0" width="70" height="17"/>
    <SubTexture name="ui/meters" x="440" y="17" width="66" height="19"/>
    <SubTexture name="ui/pauseBase" x="280" y="0" width="160" height="144"/>
    <SubTexture name="ui/popUpMenu" x="440" y="52" width="39" height="64"/>
    <SubTexture name="ui/transition" x="0" y="73" width="260" height="144"/>
</TextureAtlas>
