﻿<?xml version="1.0" encoding="utf-8" ?>
<sprites>

  <sprite_string id="eyebat">
    <Texture>characters/enemies32</Texture>
    <FrameWidth>32</FrameWidth>
    <FrameHeight>32</FrameHeight>
    <OriginX>16</OriginX>
    <OriginY>16</OriginY>
    <Animations>
      <Anim id="fly" delay=".1" frames="0,1,2"/>
    </Animations>
  </sprite_string>

  <sprite_string id="skull">
    <Texture>characters/skull</Texture>
    <FrameWidth>32</FrameWidth>
    <FrameHeight>32</FrameHeight>
    <OriginX>16</OriginX>
    <OriginY>20</OriginY>
    <Animations>
      <Anim id="idle" delay=".1" frames="8,9,10,11,12"/>
      <Anim id="walk" delay=".1" frames="0,1,2,3,4,5,6,7"/>
      <Anim id="jumpUp" delay=".1" frames="13"/>
      <Anim id="jumpDown" delay=".1" frames="14"/>
    </Animations>
  </sprite_string>
  
  <sprite_string id="jonathan">
    <Texture>characters/jonathan</Texture>
    <FrameWidth>32</FrameWidth>
    <FrameHeight>32</FrameHeight>
    <OriginX>16</OriginX>
    <OriginY>20</OriginY>
    <Animations>
      <Anim id="idle" delay=".1" frames="0,1,2,3,4"/>
      <Anim id="walk" delay=".1" frames="6,7,8,9,10,11,12,13"/>
	    <Anim id="crouchIn" delay=".1" loop="False" frames="15,16,17"/>
	    <Anim id="crouchOut" delay=".1" loop="False" frames="19"/>
  		<Anim id="jumpUp" delay=".1" loop="False" frames="21"/>
	  	<Anim id="jumpDown" delay=".1" loop="False" frames="22"/>
    </Animations>
  </sprite_string>
  
  <sprite_string id="jonathanMap">
    <Texture>map/jonathan</Texture>
    <FrameWidth>16</FrameWidth>
    <FrameHeight>16</FrameHeight>
    <OriginX>8</OriginX>
    <OriginY>8</OriginY>
    <Animations>
      <Anim id="walk" delay=".1" frames="0,1,2,3"/>
    </Animations>
  </sprite_string>
  
  <sprite_string id="itens16">
    <Texture>itens/itens16</Texture>
    <FrameWidth>16</FrameWidth>
    <FrameHeight>16</FrameHeight>
    <OriginX>8</OriginX>
    <OriginY>11</OriginY>
    <Animations>
      <Anim id="apple" frames="0"/>
      <Anim id="banana" frames="7"/>
	    <Anim id="watermelon" frames="3"/>
	    <Anim id="durian" frames="4"/>
	    <Anim id="carrot" frames="1"/>
	    <Anim id="sweetpotato" frames="2"/>
	    <Anim id="grape" frames="5"/>
	    <Anim id="strawberry" frames="6"/>
    </Animations>
  </sprite_string>

  <sprite_string id="plants">
    <Texture>itens/plants</Texture>
    <FrameWidth>16</FrameWidth>
    <FrameHeight>32</FrameHeight>
    <OriginX>0</OriginX>
    <OriginY>0</OriginY>
    <Animations>
      <Anim id="softGround" delay=".1" frames="0"/>
      <Anim id="apple0" delay=".1" frames="1"/>
      <Anim id="apple1" delay=".1" frames="2"/>
      <Anim id="apple2" delay=".1" frames="3"/>
      <Anim id="apple3" delay=".1" frames="4"/>

      <Anim id="banana0" delay=".1" frames="1"/>
      <Anim id="banana1" delay=".1" frames="2"/>
      <Anim id="banana2" delay=".1" frames="7"/>
      <Anim id="banana3" delay=".1" frames="8"/>

      <Anim id="watermelon0" delay=".1" frames="14"/>
      <Anim id="watermelon1" delay=".1" frames="15"/>
      <Anim id="watermelon2" delay=".1" frames="18"/>
      <Anim id="watermelon3" delay=".1" frames="19"/>

      <Anim id="durian0" delay=".1" frames="1"/>
      <Anim id="durian1" delay=".1" frames="2"/>
      <Anim id="durian2" delay=".1" frames="22"/>
      <Anim id="durian3" delay=".1" frames="23"/>

      <Anim id="carrot0" delay=".1" frames="10"/>
      <Anim id="carrot1" delay=".1" frames="11"/>
      <Anim id="carrot2" delay=".1" frames="12"/>
      <Anim id="carrot3" delay=".1" frames="13"/>

      <Anim id="sweetpotato0" delay=".1" frames="14"/>
      <Anim id="sweetpotato1" delay=".1" frames="15"/>
      <Anim id="sweetpotato2" delay=".1" frames="16"/>
      <Anim id="sweetpotato3" delay=".1" frames="17"/>

      <Anim id="grape0" delay=".1" frames="15"/>
      <Anim id="grape1" delay=".1" frames="16"/>
      <Anim id="grape2" delay=".1" frames="20"/>
      <Anim id="grape3" delay=".1" frames="21"/>

      <Anim id="strawberry0" delay=".1" frames="24"/>
      <Anim id="strawberry1" delay=".1" frames="25"/>
      <Anim id="strawberry2" delay=".1" frames="26"/>
      <Anim id="strawberry3" delay=".1" frames="27"/>

    </Animations>
  </sprite_string>

</sprites>
